<?xml version="1.0" encoding="UTF-8"?>
<project-private xmlns="http://www.netbeans.org/ns/project-private/1">
    <editor-bookmarks xmlns="http://www.netbeans.org/ns/editor-bookmarks/2" lastBookmarkId="0"/>
    <open-files xmlns="http://www.netbeans.org/ns/projectui-open-files/2">
        <group>
            <file>file:/C:/Users/apand/OneDrive/Documents/NetBeansProjects/Blood%20Bank%20Management%20System/src/home.java</file>
            <file>file:/C:/Users/apand/OneDrive/Documents/NetBeansProjects/Blood%20Bank%20Management%20System/src/updateDetailsDonor.java</file>
            <file>file:/C:/Users/apand/OneDrive/Documents/NetBeansProjects/Blood%20Bank%20Management%20System/src/login.java</file>
            <file>file:/C:/Users/apand/OneDrive/Documents/NetBeansProjects/Blood%20Bank%20Management%20System/test/Unit1Test.java</file>
            <file>file:/C:/Users/apand/OneDrive/Documents/NetBeansProjects/Blood%20Bank%20Management%20System/src/home1.jpg</file>
            <file>file:/C:/Users/apand/OneDrive/Documents/NetBeansProjects/Blood%20Bank%20Management%20System/src/home.png</file>
            <file>file:/C:/Users/apand/OneDrive/Documents/NetBeansProjects/Blood%20Bank%20Management%20System/src/Unit1.java</file>
            <file>file:/C:/Users/apand/OneDrive/Documents/NetBeansProjects/Blood%20Bank%20Management%20System/src/addNewDonor.java</file>
            <file>file:/C:/Users/apand/OneDrive/Documents/NetBeansProjects/Blood%20Bank%20Management%20System/src/Add%20new.png</file>
            <file>file:/C:/Users/apand/OneDrive/Documents/NetBeansProjects/Blood%20Bank%20Management%20System/src/stockDecrease.java</file>
            <file>file:/C:/Users/apand/OneDrive/Documents/NetBeansProjects/Blood%20Bank%20Management%20System/src/all%20page%20background%20image.png</file>
            <file>file:/C:/Users/apand/OneDrive/Documents/NetBeansProjects/Blood%20Bank%20Management%20System/src/Logout.png</file>
            <file>file:/C:/Users/apand/OneDrive/Documents/NetBeansProjects/Blood%20Bank%20Management%20System/src/request.java</file>
            <file>file:/C:/Users/apand/OneDrive/Documents/NetBeansProjects/Blood%20Bank%20Management%20System/src/searchBloodDonorLocation.java</file>
            <file>file:/C:/Users/apand/OneDrive/Documents/NetBeansProjects/Blood%20Bank%20Management%20System/src/deleteDonor.java</file>
            <file>file:/C:/Users/apand/OneDrive/Documents/NetBeansProjects/Blood%20Bank%20Management%20System/src/searchBloodDonorBloodGroup.java</file>
            <file>file:/C:/Users/apand/OneDrive/Documents/NetBeansProjects/Blood%20Bank%20Management%20System/src/hospital.java</file>
            <file>file:/C:/Users/apand/OneDrive/Documents/NetBeansProjects/Blood%20Bank%20Management%20System/src/login%20background%20final.PNG</file>
            <file>file:/C:/Users/apand/OneDrive/Documents/NetBeansProjects/Blood%20Bank%20Management%20System/src/allDonorDetails.java</file>
            <file>file:/C:/Users/apand/OneDrive/Documents/NetBeansProjects/Blood%20Bank%20Management%20System/src/login.png</file>
            <file>file:/C:/Users/apand/OneDrive/Documents/NetBeansProjects/Blood%20Bank%20Management%20System/src/blood/bank/management/system/BloodBankManagementSystem.java</file>
            <file>file:/C:/Users/apand/OneDrive/Documents/NetBeansProjects/Blood%20Bank%20Management%20System/src/stockDetails.java</file>
            <file>file:/C:/Users/apand/OneDrive/Documents/NetBeansProjects/Blood%20Bank%20Management%20System/src/SignUp.java</file>
            <file>file:/C:/Users/apand/OneDrive/Documents/NetBeansProjects/Blood%20Bank%20Management%20System/test/UnitTest.java</file>
            <file>file:/C:/Users/apand/OneDrive/Documents/NetBeansProjects/Blood%20Bank%20Management%20System/src/Accept.java</file>
            <file>file:/C:/Users/apand/OneDrive/Documents/NetBeansProjects/Blood%20Bank%20Management%20System/src/Update%20details.png</file>
            <file>file:/C:/Users/apand/OneDrive/Documents/NetBeansProjects/Blood%20Bank%20Management%20System/src/Unit.java</file>
            <file>file:/C:/Users/apand/OneDrive/Documents/NetBeansProjects/Blood%20Bank%20Management%20System/src/stockIncrease.java</file>
            <file>file:/C:/Users/apand/OneDrive/Documents/NetBeansProjects/Blood%20Bank%20Management%20System/src/Project/ConnectionProvider.java</file>
            <file>file:/C:/Users/apand/OneDrive/Documents/NetBeansProjects/Blood%20Bank%20Management%20System/src/delete%20donor.png</file>
            <file>file:/C:/Users/apand/OneDrive/Documents/NetBeansProjects/Blood%20Bank%20Management%20System/src/Notify.java</file>
        </group>
    </open-files>
</project-private>
